"generation","customer_key","total_wine_spending","wine_spending_rank"
"Baby Boomer","101619","1493","1"
"Baby Boomer","100544","1492","2"
"Baby Boomer","101798","1462","3"
"Baby Boomer","101397","1449","4"
"Baby Boomer","100508","1379","5"
"Baby Boomer","101762","1324","6"
"Baby Boomer","101008","1315","7"
"Baby Boomer","100952","1296","8"
"Baby Boomer","100796","1279","9"
"Baby Boomer","101825","1276","10"
"Baby Boomer","101471","1252","11"
"Baby Boomer","100419","1248","12"
"Baby Boomer","101893","1245","13"
"Baby Boomer","100289","1241","14"
"Baby Boomer","100453","1239","15"
"Baby Boomer","100940","1206","16"
"Baby Boomer","101260","1205","17"
"Baby Boomer","100402","1200","18"
"Baby Boomer","100624","1200","19"
"Baby Boomer","101412","1181","20"
"Baby Boomer","100476","1170","21"
"Baby Boomer","100206","1170","22"
"Baby Boomer","100498","1168","23"
"Baby Boomer","101129","1148","24"
"Baby Boomer","100907","1111","25"
"Baby Boomer","101016","1099","26"
"Baby Boomer","101823","1092","27"
"Baby Boomer","101489","1083","28"
"Baby Boomer","100214","1076","29"
"Baby Boomer","101607","1073","30"
"Baby Boomer","100622","1063","31"
"Baby Boomer","100570","1060","32"
"Baby Boomer","101030","1050","33"
"Baby Boomer","100370","1043","34"
"Baby Boomer","100776","1039","35"
"Baby Boomer","101743","1020","36"
"Baby Boomer","101826","1017","37"
"Baby Boomer","101490","1016","38"
"Baby Boomer","100018","1012","39"
"Baby Boomer","100015","1006","40"
"Baby Boomer","100653","1004","41"
"Baby Boomer","100609","1001","42"
"Baby Boomer","100630","1000","43"
"Baby Boomer","100154","997","44"
"Baby Boomer","101846","995","45"
"Baby Boomer","101313","992","46"
"Baby Boomer","100980","986","47"
"Baby Boomer","100055","984","48"
"Baby Boomer","100478","983","49"
"Baby Boomer","100228","983","50"
"Baby Boomer","101532","980","51"
"Baby Boomer","101358","972","52"
"Baby Boomer","100708","967","53"
"Baby Boomer","101359","966","54"
"Baby Boomer","100619","965","55"
"Baby Boomer","101581","962","56"
"Baby Boomer","100885","960","57"
"Baby Boomer","100879","953","58"
"Baby Boomer","101167","952","59"
"Baby Boomer","100713","948","60"
"Baby Boomer","101390","944","61"
"Baby Boomer","101689","941","62"
"Baby Boomer","101586","940","63"
"Baby Boomer","101407","931","64"
"Baby Boomer","100243","925","65"
"Baby Boomer","100252","918","66"
"Baby Boomer","101959","912","67"
"Baby Boomer","100326","909","68"
"Baby Boomer","100718","901","69"
"Baby Boomer","101134","899","70"
"Baby Boomer","100221","897","71"
"Baby Boomer","100153","888","72"
"Baby Boomer","100511","881","73"
"Baby Boomer","101816","879","74"
"Baby Boomer","100022","867","75"
"Baby Boomer","101597","861","76"
"Baby Boomer","100798","860","77"
"Baby Boomer","101504","856","78"
"Baby Boomer","100175","847","79"
"Baby Boomer","101909","835","80"
"Baby Boomer","102003","833","81"
"Baby Boomer","100360","833","82"
"Baby Boomer","101927","830","83"
"Baby Boomer","100049","826","84"
"Baby Boomer","101854","820","85"
"Baby Boomer","100897","819","86"
"Baby Boomer","101936","816","87"
"Baby Boomer","101081","815","88"
"Baby Boomer","100490","815","89"
"Baby Boomer","100743","794","90"
"Baby Boomer","101281","794","91"
"Baby Boomer","100319","792","92"
"Baby Boomer","100240","789","93"
"Baby Boomer","100224","787","94"
"Baby Boomer","101255","779","95"
"Baby Boomer","100266","778","96"
"Baby Boomer","101664","777","97"
"Baby Boomer","101268","774","98"
"Baby Boomer","100844","769","99"
"Baby Boomer","100722","769","100"
"Baby Boomer","101058","760","101"
"Baby Boomer","100864","756","102"
"Baby Boomer","100795","752","103"
"Baby Boomer","101935","750","104"
"Baby Boomer","100551","747","105"
"Baby Boomer","101017","743","106"
"Baby Boomer","100883","741","107"
"Baby Boomer","100353","736","108"
"Baby Boomer","101650","734","109"
"Baby Boomer","101467","733","110"
"Baby Boomer","100317","731","111"
"Baby Boomer","100942","729","112"
"Baby Boomer","101887","724","113"
"Baby Boomer","101088","714","114"
"Baby Boomer","101362","714","115"
"Baby Boomer","100684","712","116"
"Baby Boomer","101267","711","117"
"Baby Boomer","101776","710","118"
"Baby Boomer","101367","703","119"
"Baby Boomer","101684","686","120"
"Baby Boomer","100749","680","121"
"Baby Boomer","100301","675","122"
"Baby Boomer","101422","675","123"
"Baby Boomer","100946","674","124"
"Baby Boomer","101680","674","125"
"Baby Boomer","101726","664","126"
"Baby Boomer","101107","658","127"
"Baby Boomer","101644","653","128"
"Baby Boomer","101767","652","129"
"Baby Boomer","100000","635","130"
"Baby Boomer","101014","631","131"
"Baby Boomer","101804","631","132"
"Baby Boomer","101207","630","133"
"Baby Boomer","101517","629","134"
"Baby Boomer","101985","626","135"
"Baby Boomer","100271","625","136"
"Baby Boomer","100604","625","137"
"Baby Boomer","101321","622","138"
"Baby Boomer","100180","620","139"
"Baby Boomer","101417","620","140"
"Baby Boomer","101860","618","141"
"Baby Boomer","101168","618","142"
"Baby Boomer","101192","615","143"
"Baby Boomer","100208","613","144"
"Baby Boomer","101575","612","145"
"Baby Boomer","101997","611","146"
"Baby Boomer","101793","605","147"
"Baby Boomer","100613","603","148"
"Baby Boomer","100657","595","149"
"Baby Boomer","101842","587","150"
"Baby Boomer","100621","586","151"
"Baby Boomer","100404","583","152"
"Baby Boomer","101970","576","153"
"Baby Boomer","101049","574","154"
"Baby Boomer","101984","572","155"
"Baby Boomer","100378","571","156"
"Baby Boomer","101975","570","157"
"Baby Boomer","101037","565","158"
"Baby Boomer","101608","560","159"
"Baby Boomer","101235","558","160"
"Baby Boomer","101289","557","161"
"Baby Boomer","101247","556","162"
"Baby Boomer","100821","556","163"
"Baby Boomer","100817","547","164"
"Baby Boomer","100063","546","165"
"Baby Boomer","101149","544","166"
"Baby Boomer","101891","544","167"
"Baby Boomer","101296","543","168"
"Baby Boomer","101538","539","169"
"Baby Boomer","101703","539","170"
"Baby Boomer","100683","537","171"
"Baby Boomer","100158","536","172"
"Baby Boomer","100130","534","173"
"Baby Boomer","101602","533","174"
"Baby Boomer","101667","531","175"
"Baby Boomer","101995","530","176"
"Baby Boomer","100484","529","177"
"Baby Boomer","100111","527","178"
"Baby Boomer","101882","526","179"
"Baby Boomer","100585","526","180"
"Baby Boomer","101805","526","181"
"Baby Boomer","100299","525","182"
"Baby Boomer","100696","524","183"
"Baby Boomer","100062","523","184"
"Baby Boomer","101858","520","185"
"Baby Boomer","101590","520","186"
"Baby Boomer","100194","519","187"
"Baby Boomer","100905","517","188"
"Baby Boomer","101062","516","189"
"Baby Boomer","100840","515","190"
"Baby Boomer","100295","513","191"
"Baby Boomer","100639","509","192"
"Baby Boomer","101374","508","193"
"Baby Boomer","101444","505","194"
"Baby Boomer","101764","505","195"
"Baby Boomer","100095","505","196"
"Baby Boomer","101670","503","197"
"Baby Boomer","101721","502","198"
"Baby Boomer","101802","499","199"
"Baby Boomer","100070","496","200"
"Baby Boomer","100343","495","201"
"Baby Boomer","101566","494","202"
"Baby Boomer","101754","493","203"
"Baby Boomer","100925","492","204"
"Baby Boomer","100128","492","205"
"Baby Boomer","101204","489","206"
"Baby Boomer","101294","488","207"
"Baby Boomer","101790","483","208"
"Baby Boomer","100262","483","209"
"Baby Boomer","101466","483","210"
"Baby Boomer","100034","482","211"
"Baby Boomer","100904","480","212"
"Baby Boomer","100768","479","213"
"Baby Boomer","100462","478","214"
"Baby Boomer","101116","476","215"
"Baby Boomer","101027","473","216"
"Baby Boomer","101632","465","217"
"Baby Boomer","100794","464","218"
"Baby Boomer","100873","464","219"
"Baby Boomer","101004","463","220"
"Baby Boomer","101386","460","221"
"Baby Boomer","101465","459","222"
"Baby Boomer","100667","459","223"
"Baby Boomer","101096","454","224"
"Baby Boomer","100108","454","225"
"Baby Boomer","101879","450","226"
"Baby Boomer","100197","448","227"
"Baby Boomer","101549","446","228"
"Baby Boomer","100700","445","229"
"Baby Boomer","101518","443","230"
"Baby Boomer","101379","443","231"
"Baby Boomer","100676","434","232"
"Baby Boomer","101440","431","233"
"Baby Boomer","100438","430","234"
"Baby Boomer","102038","428","235"
"Baby Boomer","100318","424","236"
"Baby Boomer","101454","423","237"
"Baby Boomer","101209","420","238"
"Baby Boomer","100395","416","239"
"Baby Boomer","100234","415","240"
"Baby Boomer","101183","411","241"
"Baby Boomer","100587","410","242"
"Baby Boomer","100637","410","243"
"Baby Boomer","101164","408","244"
"Baby Boomer","100471","407","245"
"Baby Boomer","101725","407","246"
"Baby Boomer","101396","406","247"
"Baby Boomer","100997","403","248"
"Baby Boomer","100586","400","249"
"Baby Boomer","100426","400","250"
"Baby Boomer","100141","399","251"
"Baby Boomer","100572","399","252"
"Baby Boomer","100882","398","253"
"Baby Boomer","100064","398","254"
"Baby Boomer","100966","397","255"
"Baby Boomer","100785","393","256"
"Baby Boomer","100606","390","257"
"Baby Boomer","101693","389","258"
"Baby Boomer","100617","387","259"
"Baby Boomer","100847","387","260"
"Baby Boomer","101378","386","261"
"Baby Boomer","100023","384","262"
"Baby Boomer","100494","382","263"
"Baby Boomer","100237","382","264"
"Baby Boomer","101621","380","265"
"Baby Boomer","100336","378","266"
"Baby Boomer","101636","376","267"
"Baby Boomer","101896","376","268"
"Baby Boomer","101127","373","269"
"Baby Boomer","101246","371","270"
"Baby Boomer","100399","370","271"
"Baby Boomer","101671","369","272"
"Baby Boomer","101474","368","273"
"Baby Boomer","100814","362","274"
"Baby Boomer","101673","362","275"
"Baby Boomer","100996","359","276"
"Baby Boomer","101108","356","277"
"Baby Boomer","100602","352","278"
"Baby Boomer","100127","352","279"
"Baby Boomer","100724","350","280"
"Baby Boomer","101097","350","281"
"Baby Boomer","101120","349","282"
"Baby Boomer","100705","349","283"
"Baby Boomer","100691","345","284"
"Baby Boomer","101784","344","285"
"Baby Boomer","100195","344","286"
"Baby Boomer","101144","341","287"
"Baby Boomer","101773","340","288"
"Baby Boomer","100805","336","289"
"Baby Boomer","101044","336","290"
"Baby Boomer","100455","335","291"
"Baby Boomer","100358","333","292"
"Baby Boomer","101430","332","293"
"Baby Boomer","101330","329","294"
"Baby Boomer","100649","327","295"
"Baby Boomer","101616","324","296"
"Baby Boomer","100119","320","297"
"Baby Boomer","100939","318","298"
"Baby Boomer","100329","317","299"
"Baby Boomer","100481","317","300"
"Baby Boomer","100863","316","301"
"Baby Boomer","100629","315","302"
"Baby Boomer","101861","315","303"
"Baby Boomer","101507","313","304"
"Baby Boomer","101196","313","305"
"Baby Boomer","101153","309","306"
"Baby Boomer","100280","304","307"
"Baby Boomer","101614","303","308"
"Baby Boomer","102017","302","309"
"Baby Boomer","100741","301","310"
"Baby Boomer","100688","299","311"
"Baby Boomer","102007","297","312"
"Baby Boomer","101331","296","313"
"Baby Boomer","100149","295","314"
"Baby Boomer","101906","293","315"
"Baby Boomer","101450","293","316"
"Baby Boomer","100086","292","317"
"Baby Boomer","101662","292","318"
"Baby Boomer","101000","292","319"
"Baby Boomer","101148","291","320"
"Baby Boomer","101375","290","321"
"Baby Boomer","101029","288","322"
"Baby Boomer","100281","285","323"
"Baby Boomer","100499","284","324"
"Baby Boomer","101303","283","325"
"Baby Boomer","101275","274","326"
"Baby Boomer","100675","273","327"
"Baby Boomer","100024","270","328"
"Baby Boomer","100352","269","329"
"Baby Boomer","101463","268","330"
"Baby Boomer","100923","267","331"
"Baby Boomer","101905","264","332"
"Baby Boomer","100571","264","333"
"Baby Boomer","100921","263","334"
"Baby Boomer","100072","258","335"
"Baby Boomer","101475","255","336"
"Baby Boomer","100283","248","337"
"Baby Boomer","100068","247","338"
"Baby Boomer","101404","247","339"
"Baby Boomer","100050","245","340"
"Baby Boomer","101184","244","341"
"Baby Boomer","100959","244","342"
"Baby Boomer","101571","243","343"
"Baby Boomer","101013","241","344"
"Baby Boomer","101998","240","345"
"Baby Boomer","101867","240","346"
"Baby Boomer","101949","240","347"
"Baby Boomer","101541","239","348"
"Baby Boomer","100013","233","349"
"Baby Boomer","101469","233","350"
"Baby Boomer","101286","231","351"
"Baby Boomer","100132","231","352"
"Baby Boomer","100089","230","353"
"Baby Boomer","100856","230","354"
"Baby Boomer","100937","230","355"
"Baby Boomer","102029","229","356"
"Baby Boomer","101089","229","357"
"Baby Boomer","101822","228","358"
"Baby Boomer","100503","227","359"
"Baby Boomer","100964","223","360"
"Baby Boomer","101146","221","361"
"Baby Boomer","100767","219","362"
"Baby Boomer","100634","219","363"
"Baby Boomer","100103","217","364"
"Baby Boomer","100272","216","365"
"Baby Boomer","101509","216","366"
"Baby Boomer","101435","215","367"
"Baby Boomer","101537","213","368"
"Baby Boomer","100166","212","369"
"Baby Boomer","100155","212","370"
"Baby Boomer","101249","209","371"
"Baby Boomer","101400","209","372"
"Baby Boomer","101865","208","373"
"Baby Boomer","100437","208","374"
"Baby Boomer","100097","207","375"
"Baby Boomer","100514","206","376"
"Baby Boomer","101561","205","377"
"Baby Boomer","100338","204","378"
"Baby Boomer","101606","204","379"
"Baby Boomer","101327","204","380"
"Baby Boomer","100736","203","381"
"Baby Boomer","101325","201","382"
"Baby Boomer","101974","200","383"
"Baby Boomer","101481","199","384"
"Baby Boomer","101688","198","385"
"Baby Boomer","100929","197","386"
"Baby Boomer","100012","194","387"
"Baby Boomer","101600","194","388"
"Baby Boomer","100854","189","389"
"Baby Boomer","101928","189","390"
"Baby Boomer","100550","189","391"
"Baby Boomer","101932","188","392"
"Baby Boomer","101122","184","393"
"Baby Boomer","101897","184","394"
"Baby Boomer","100763","184","395"
"Baby Boomer","100867","183","396"
"Baby Boomer","101288","182","397"
"Baby Boomer","101840","182","398"
"Baby Boomer","100215","182","399"
"Baby Boomer","100601","179","400"
"Baby Boomer","100539","179","401"
"Baby Boomer","101918","178","402"
"Baby Boomer","100260","177","403"
"Baby Boomer","101941","176","404"
"Baby Boomer","101080","176","405"
"Baby Boomer","100549","174","406"
"Baby Boomer","101926","173","407"
"Baby Boomer","101609","173","408"
"Baby Boomer","101795","172","409"
"Baby Boomer","100520","172","410"
"Baby Boomer","101154","172","411"
"Baby Boomer","101256","170","412"
"Baby Boomer","101456","167","413"
"Baby Boomer","101691","167","414"
"Baby Boomer","101076","165","415"
"Baby Boomer","101653","163","416"
"Baby Boomer","101770","162","417"
"Baby Boomer","101103","162","418"
"Baby Boomer","100449","161","419"
"Baby Boomer","100779","161","420"
"Baby Boomer","101903","161","421"
"Baby Boomer","101683","159","422"
"Baby Boomer","100960","158","423"
"Baby Boomer","100965","157","424"
"Baby Boomer","100884","156","425"
"Baby Boomer","101775","154","426"
"Baby Boomer","101042","152","427"
"Baby Boomer","100564","145","428"
"Baby Boomer","101206","145","429"
"Baby Boomer","100706","144","430"
"Baby Boomer","100446","143","431"
"Baby Boomer","101147","140","432"
"Baby Boomer","100710","138","433"
"Baby Boomer","100737","138","434"
"Baby Boomer","101658","135","435"
"Baby Boomer","101651","135","436"
"Baby Boomer","101128","134","437"
"Baby Boomer","101299","134","438"
"Baby Boomer","101160","132","439"
"Baby Boomer","101876","129","440"
"Baby Boomer","100165","125","441"
"Baby Boomer","101511","123","442"
"Baby Boomer","101742","122","443"
"Baby Boomer","100618","121","444"
"Baby Boomer","100129","120","445"
"Baby Boomer","100660","116","446"
"Baby Boomer","101221","113","447"
"Baby Boomer","100518","112","448"
"Baby Boomer","100031","112","449"
"Baby Boomer","100450","112","450"
"Baby Boomer","100636","111","451"
"Baby Boomer","101075","110","452"
"Baby Boomer","101508","109","453"
"Baby Boomer","101135","108","454"
"Baby Boomer","100746","107","455"
"Baby Boomer","101853","106","456"
"Baby Boomer","101515","105","457"
"Baby Boomer","100818","104","458"
"Baby Boomer","101952","104","459"
"Baby Boomer","100384","102","460"
"Baby Boomer","101724","100","461"
"Baby Boomer","101332","100","462"
"Baby Boomer","100523","99","463"
"Baby Boomer","101360","99","464"
"Baby Boomer","101326","97","465"
"Baby Boomer","101178","97","466"
"Baby Boomer","100033","96","467"
"Baby Boomer","101180","95","468"
"Baby Boomer","101308","95","469"
"Baby Boomer","100672","92","470"
"Baby Boomer","100973","90","471"
"Baby Boomer","100540","90","472"
"Baby Boomer","101140","87","473"
"Baby Boomer","101309","84","474"
"Baby Boomer","100017","84","475"
"Baby Boomer","102039","84","476"
"Baby Boomer","100172","81","477"
"Baby Boomer","100204","81","478"
"Baby Boomer","100043","81","479"
"Baby Boomer","100349","78","480"
"Baby Boomer","100430","77","481"
"Baby Boomer","100731","76","482"
"Baby Boomer","100207","72","483"
"Baby Boomer","101461","71","484"
"Baby Boomer","101963","71","485"
"Baby Boomer","100379","70","486"
"Baby Boomer","100126","70","487"
"Baby Boomer","101387","69","488"
"Baby Boomer","100789","68","489"
"Baby Boomer","101706","68","490"
"Baby Boomer","101338","68","491"
"Baby Boomer","101530","67","492"
"Baby Boomer","100671","67","493"
"Baby Boomer","100669","67","494"
"Baby Boomer","100956","66","495"
"Baby Boomer","100501","65","496"
"Baby Boomer","100394","65","497"
"Baby Boomer","100114","64","498"
"Baby Boomer","101811","63","499"
"Baby Boomer","101161","62","500"
"Baby Boomer","101232","62","501"
"Baby Boomer","101817","62","502"
"Baby Boomer","101166","62","503"
"Baby Boomer","101092","56","504"
"Baby Boomer","101171","56","505"
"Baby Boomer","101942","54","506"
"Baby Boomer","101059","53","507"
"Baby Boomer","100099","53","508"
"Baby Boomer","101431","53","509"
"Baby Boomer","100136","53","510"
"Baby Boomer","101231","52","511"
"Baby Boomer","101883","51","512"
"Baby Boomer","101301","51","513"
"Baby Boomer","101449","51","514"
"Baby Boomer","101533","50","515"
"Baby Boomer","101452","50","516"
"Baby Boomer","101800","50","517"
"Baby Boomer","100855","48","518"
"Baby Boomer","100048","48","519"
"Baby Boomer","101203","46","520"
"Baby Boomer","101477","45","521"
"Baby Boomer","100249","45","522"
"Baby Boomer","100374","43","523"
"Baby Boomer","100100","41","524"
"Baby Boomer","102014","41","525"
"Baby Boomer","100035","40","526"
"Baby Boomer","101892","40","527"
"Baby Boomer","100714","39","528"
"Baby Boomer","100886","38","529"
"Baby Boomer","101251","37","530"
"Baby Boomer","100567","37","531"
"Baby Boomer","100294","36","532"
"Baby Boomer","100584","36","533"
"Baby Boomer","101151","35","534"
"Baby Boomer","101964","35","535"
"Baby Boomer","101104","35","536"
"Baby Boomer","101493","35","537"
"Baby Boomer","100998","34","538"
"Baby Boomer","100322","33","539"
"Baby Boomer","100270","33","540"
"Baby Boomer","102016","33","541"
"Baby Boomer","101028","32","542"
"Baby Boomer","101625","31","543"
"Baby Boomer","100766","31","544"
"Baby Boomer","100424","31","545"
"Baby Boomer","100941","30","546"
"Baby Boomer","100538","30","547"
"Baby Boomer","100633","30","548"
"Baby Boomer","101458","30","549"
"Baby Boomer","101574","29","550"
"Baby Boomer","100774","28","551"
"Baby Boomer","101994","28","552"
"Baby Boomer","100009","28","553"
"Baby Boomer","101202","28","554"
"Baby Boomer","100715","28","555"
"Baby Boomer","100487","28","556"
"Baby Boomer","100951","27","557"
"Baby Boomer","101559","27","558"
"Baby Boomer","100993","26","559"
"Baby Boomer","100750","26","560"
"Baby Boomer","101355","26","561"
"Baby Boomer","101916","26","562"
"Baby Boomer","101884","25","563"
"Baby Boomer","100309","24","564"
"Baby Boomer","100475","24","565"
"Baby Boomer","101961","24","566"
"Baby Boomer","101491","23","567"
"Baby Boomer","100391","23","568"
"Baby Boomer","102019","23","569"
"Baby Boomer","100797","22","570"
"Baby Boomer","101734","22","571"
"Baby Boomer","101880","22","572"
"Baby Boomer","101752","21","573"
"Baby Boomer","101547","21","574"
"Baby Boomer","102026","21","575"
"Baby Boomer","100674","20","576"
"Baby Boomer","101857","19","577"
"Baby Boomer","101310","19","578"
"Baby Boomer","101535","19","579"
"Baby Boomer","100889","19","580"
"Baby Boomer","100773","19","581"
"Baby Boomer","101780","19","582"
"Baby Boomer","100758","18","583"
"Baby Boomer","100986","18","584"
"Baby Boomer","101604","18","585"
"Baby Boomer","100810","18","586"
"Baby Boomer","101659","18","587"
"Baby Boomer","101722","18","588"
"Baby Boomer","101849","17","589"
"Baby Boomer","100084","17","590"
"Baby Boomer","100535","15","591"
"Baby Boomer","100168","15","592"
"Baby Boomer","100616","14","593"
"Baby Boomer","100074","14","594"
"Baby Boomer","101446","14","595"
"Baby Boomer","101220","13","596"
"Baby Boomer","100747","13","597"
"Baby Boomer","100269","13","598"
"Baby Boomer","101273","13","599"
"Baby Boomer","100486","13","600"
"Baby Boomer","101492","12","601"
"Baby Boomer","102004","12","602"
"Baby Boomer","100943","12","603"
"Baby Boomer","100001","11","604"
"Baby Boomer","101652","11","605"
"Baby Boomer","100312","11","606"
"Baby Boomer","100255","11","607"
"Baby Boomer","100414","10","608"
"Baby Boomer","100614","10","609"
"Baby Boomer","100967","10","610"
"Baby Boomer","101139","10","611"
"Baby Boomer","101021","10","612"
"Baby Boomer","101380","9","613"
"Baby Boomer","101356","9","614"
"Baby Boomer","100042","9","615"
"Baby Boomer","102002","9","616"
"Baby Boomer","100704","8","617"
"Baby Boomer","100573","8","618"
"Baby Boomer","100694","8","619"
"Baby Boomer","101777","8","620"
"Baby Boomer","101473","8","621"
"Baby Boomer","101123","8","622"
"Baby Boomer","100090","7","623"
"Baby Boomer","101346","7","624"
"Baby Boomer","101930","7","625"
"Baby Boomer","101526","7","626"
"Baby Boomer","101433","7","627"
"Baby Boomer","101222","7","628"
"Baby Boomer","100643","6","629"
"Baby Boomer","101827","6","630"
"Baby Boomer","101279","6","631"
"Baby Boomer","101130","6","632"
"Baby Boomer","100552","6","633"
"Baby Boomer","101696","5","634"
"Baby Boomer","100159","5","635"
"Baby Boomer","100590","5","636"
"Baby Boomer","101672","5","637"
"Baby Boomer","101957","4","638"
"Baby Boomer","100764","4","639"
"Baby Boomer","100642","4","640"
"Baby Boomer","102022","4","641"
"Baby Boomer","102015","3","642"
"Baby Boomer","101901","3","643"
"Baby Boomer","100431","3","644"
"Baby Boomer","101024","3","645"
"Baby Boomer","100177","2","646"
"Baby Boomer","101947","2","647"
"Baby Boomer","100670","2","648"
"Baby Boomer","101617","1","649"
"Baby Boomer","100182","1","650"
"Baby Boomer","101228","1","651"
"Baby Boomer","100230","0","652"
"Baby Boomer","100433","0","653"
"Gen X","101919","1486","1"
"Gen X","100483","1396","2"
"Gen X","100949","1394","3"
"Gen X","101372","1302","4"
"Gen X","101138","1298","5"
"Gen X","100500","1288","6"
"Gen X","101791","1285","7"
"Gen X","100901","1253","8"
"Gen X","100968","1230","9"
"Gen X","101066","1224","10"
"Gen X","100242","1218","11"
"Gen X","101023","1215","12"
"Gen X","100612","1181","13"
"Gen X","101434","1171","14"
"Gen X","100174","1149","15"
"Gen X","101243","1142","16"
"Gen X","100658","1132","17"
"Gen X","100707","1126","18"
"Gen X","101705","1121","19"
"Gen X","101920","1115","20"
"Gen X","100335","1103","21"
"Gen X","101213","1090","22"
"Gen X","100412","1076","23"
"Gen X","101986","1074","24"
"Gen X","101657","1073","25"
"Gen X","100560","1050","26"
"Gen X","100347","1048","27"
"Gen X","101727","1045","28"
"Gen X","100077","1032","29"
"Gen X","100948","1023","30"
"Gen X","101756","1017","31"
"Gen X","100626","1009","32"
"Gen X","101193","1004","33"
"Gen X","100162","1001","34"
"Gen X","101441","1000","35"
"Gen X","101179","997","36"
"Gen X","100365","977","37"
"Gen X","101156","972","38"
"Gen X","101226","968","39"
"Gen X","101663","965","40"
"Gen X","101142","964","41"
"Gen X","101946","960","42"
"Gen X","100245","960","43"
"Gen X","101886","958","44"
"Gen X","101755","957","45"
"Gen X","101077","957","46"
"Gen X","101045","938","47"
"Gen X","101717","938","48"
"Gen X","101923","934","49"
"Gen X","101643","920","50"
"Gen X","101982","918","51"
"Gen X","101039","918","52"
"Gen X","101806","913","53"
"Gen X","100679","909","54"
"Gen X","101844","908","55"
"Gen X","100236","901","56"
"Gen X","100663","899","57"
"Gen X","101053","897","58"
"Gen X","101406","896","59"
"Gen X","101944","890","60"
"Gen X","100853","889","61"
"Gen X","101191","882","62"
"Gen X","100380","866","63"
"Gen X","100332","856","64"
"Gen X","100069","856","65"
"Gen X","102033","853","66"
"Gen X","100857","852","67"
"Gen X","101381","846","68"
"Gen X","100938","829","69"
"Gen X","100862","825","70"
"Gen X","100575","817","71"
"Gen X","101137","816","72"
"Gen X","101418","811","73"
"Gen X","100293","801","74"
"Gen X","100728","799","75"
"Gen X","100330","797","76"
"Gen X","100134","796","77"
"Gen X","100957","795","78"
"Gen X","100225","792","79"
"Gen X","101190","790","80"
"Gen X","100361","789","81"
"Gen X","100452","789","82"
"Gen X","100186","783","83"
"Gen X","100725","778","84"
"Gen X","101102","777","85"
"Gen X","101245","771","86"
"Gen X","100307","768","87"
"Gen X","100200","763","88"
"Gen X","100894","760","89"
"Gen X","100632","757","90"
"Gen X","101855","753","91"
"Gen X","101395","751","92"
"Gen X","101413","750","93"
"Gen X","100690","749","94"
"Gen X","101933","742","95"
"Gen X","101987","741","96"
"Gen X","101486","739","97"
"Gen X","100313","738","98"
"Gen X","100140","738","99"
"Gen X","101216","737","100"
"Gen X","101199","736","101"
"Gen X","101026","736","102"
"Gen X","101551","726","103"
"Gen X","100815","724","104"
"Gen X","100076","721","105"
"Gen X","100628","721","106"
"Gen X","101084","717","107"
"Gen X","101877","713","108"
"Gen X","100913","711","109"
"Gen X","100726","709","110"
"Gen X","102036","709","111"
"Gen X","101615","708","112"
"Gen X","100620","707","113"
"Gen X","101708","707","114"
"Gen X","101630","707","115"
"Gen X","100036","702","116"
"Gen X","100930","693","117"
"Gen X","101564","691","118"
"Gen X","101295","691","119"
"Gen X","101557","690","120"
"Gen X","101302","689","121"
"Gen X","100067","688","122"
"Gen X","100029","684","123"
"Gen X","101878","676","124"
"Gen X","101436","674","125"
"Gen X","101807","673","126"
"Gen X","100695","670","127"
"Gen X","101710","666","128"
"Gen X","100686","664","129"
"Gen X","100439","656","130"
"Gen X","101958","654","131"
"Gen X","101040","652","132"
"Gen X","100250","650","133"
"Gen X","100790","642","134"
"Gen X","101740","641","135"
"Gen X","101280","641","136"
"Gen X","100456","639","137"
"Gen X","101750","637","138"
"Gen X","100974","635","139"
"Gen X","100275","635","140"
"Gen X","100770","627","141"
"Gen X","101155","625","142"
"Gen X","100780","623","143"
"Gen X","101219","620","144"
"Gen X","100516","619","145"
"Gen X","101052","614","146"
"Gen X","100142","614","147"
"Gen X","100392","610","148"
"Gen X","101241","606","149"
"Gen X","100444","606","150"
"Gen X","100409","604","151"
"Gen X","100877","604","152"
"Gen X","100781","604","153"
"Gen X","101649","600","154"
"Gen X","100144","598","155"
"Gen X","100698","597","156"
"Gen X","101510","595","157"
"Gen X","100381","594","158"
"Gen X","101546","593","159"
"Gen X","100903","588","160"
"Gen X","100199","587","161"
"Gen X","100738","587","162"
"Gen X","100769","584","163"
"Gen X","101735","584","164"
"Gen X","101578","582","165"
"Gen X","101731","581","166"
"Gen X","102027","580","167"
"Gen X","100079","577","168"
"Gen X","100989","576","169"
"Gen X","101838","575","170"
"Gen X","101143","572","171"
"Gen X","101665","572","172"
"Gen X","100073","565","173"
"Gen X","100661","565","174"
"Gen X","100457","563","175"
"Gen X","100231","562","176"
"Gen X","100843","562","177"
"Gen X","100350","561","178"
"Gen X","101841","561","179"
"Gen X","100924","561","180"
"Gen X","101866","555","181"
"Gen X","100385","554","182"
"Gen X","100257","554","183"
"Gen X","101394","553","184"
"Gen X","101494","548","185"
"Gen X","100115","547","186"
"Gen X","100346","546","187"
"Gen X","101240","546","188"
"Gen X","101234","545","189"
"Gen X","101411","539","190"
"Gen X","101006","538","191"
"Gen X","101459","532","192"
"Gen X","101543","527","193"
"Gen X","100751","522","194"
"Gen X","100005","520","195"
"Gen X","100219","520","196"
"Gen X","101996","519","197"
"Gen X","100723","518","198"
"Gen X","101991","516","199"
"Gen X","100421","515","200"
"Gen X","100615","514","201"
"Gen X","101328","513","202"
"Gen X","100354","512","203"
"Gen X","101797","512","204"
"Gen X","100053","510","205"
"Gen X","100712","509","206"
"Gen X","101070","508","207"
"Gen X","100442","507","208"
"Gen X","101829","504","209"
"Gen X","100473","502","210"
"Gen X","101965","496","211"
"Gen X","100872","494","212"
"Gen X","101565","493","213"
"Gen X","101981","492","214"
"Gen X","101257","491","215"
"Gen X","101429","490","216"
"Gen X","101713","488","217"
"Gen X","101605","482","218"
"Gen X","101361","482","219"
"Gen X","100809","479","220"
"Gen X","100895","471","221"
"Gen X","100668","466","222"
"Gen X","100547","465","223"
"Gen X","101211","464","224"
"Gen X","100522","464","225"
"Gen X","101224","462","226"
"Gen X","101593","462","227"
"Gen X","100990","458","228"
"Gen X","100537","458","229"
"Gen X","102028","457","230"
"Gen X","101110","457","231"
"Gen X","100517","456","232"
"Gen X","101656","453","233"
"Gen X","100345","452","234"
"Gen X","100061","452","235"
"Gen X","100464","451","236"
"Gen X","101442","448","237"
"Gen X","100059","447","238"
"Gen X","100640","445","239"
"Gen X","100091","445","240"
"Gen X","101025","444","241"
"Gen X","101113","441","242"
"Gen X","100693","440","243"
"Gen X","101871","433","244"
"Gen X","100709","432","245"
"Gen X","100002","426","246"
"Gen X","100109","425","247"
"Gen X","101333","422","248"
"Gen X","100802","421","249"
"Gen X","100314","412","250"
"Gen X","100752","412","251"
"Gen X","100777","411","252"
"Gen X","100210","410","253"
"Gen X","100592","410","254"
"Gen X","100823","408","255"
"Gen X","101712","407","256"
"Gen X","100401","407","257"
"Gen X","100357","404","258"
"Gen X","101364","399","259"
"Gen X","100282","395","260"
"Gen X","100744","392","261"
"Gen X","101060","391","262"
"Gen X","100596","389","263"
"Gen X","101576","387","264"
"Gen X","101675","387","265"
"Gen X","100101","386","266"
"Gen X","100958","384","267"
"Gen X","101863","384","268"
"Gen X","101698","383","269"
"Gen X","101071","381","270"
"Gen X","101803","381","271"
"Gen X","100988","380","272"
"Gen X","101768","379","273"
"Gen X","100845","379","274"
"Gen X","101393","378","275"
"Gen X","100418","378","276"
"Gen X","101488","378","277"
"Gen X","100218","377","278"
"Gen X","100787","376","279"
"Gen X","101647","376","280"
"Gen X","101888","375","281"
"Gen X","100892","372","282"
"Gen X","100662","372","283"
"Gen X","100465","371","284"
"Gen X","100650","371","285"
"Gen X","100902","371","286"
"Gen X","101291","368","287"
"Gen X","101676","367","288"
"Gen X","101881","367","289"
"Gen X","102011","366","290"
"Gen X","101496","365","291"
"Gen X","101117","364","292"
"Gen X","100727","359","293"
"Gen X","100425","357","294"
"Gen X","100185","356","295"
"Gen X","101736","355","296"
"Gen X","100900","354","297"
"Gen X","101766","353","298"
"Gen X","100087","350","299"
"Gen X","101415","350","300"
"Gen X","101304","347","301"
"Gen X","100150","346","302"
"Gen X","101402","344","303"
"Gen X","101588","342","304"
"Gen X","101105","342","305"
"Gen X","101416","331","306"
"Gen X","100772","330","307"
"Gen X","100054","328","308"
"Gen X","100760","327","309"
"Gen X","100496","325","310"
"Gen X","100759","324","311"
"Gen X","101988","322","312"
"Gen X","101484","322","313"
"Gen X","101702","322","314"
"Gen X","100677","321","315"
"Gen X","101170","318","316"
"Gen X","100377","314","317"
"Gen X","101618","312","318"
"Gen X","100950","311","319"
"Gen X","101555","308","320"
"Gen X","100541","308","321"
"Gen X","101414","306","322"
"Gen X","101177","303","323"
"Gen X","101950","301","324"
"Gen X","101527","298","325"
"Gen X","100223","297","326"
"Gen X","100056","295","327"
"Gen X","100106","295","328"
"Gen X","100701","294","329"
"Gen X","102006","293","330"
"Gen X","101583","293","331"
"Gen X","101195","293","332"
"Gen X","100702","292","333"
"Gen X","100576","292","334"
"Gen X","101716","284","335"
"Gen X","100947","284","336"
"Gen X","101539","284","337"
"Gen X","101227","283","338"
"Gen X","100466","281","339"
"Gen X","101818","280","340"
"Gen X","101306","280","341"
"Gen X","101159","279","342"
"Gen X","101749","279","343"
"Gen X","101342","279","344"
"Gen X","100835","275","345"
"Gen X","101741","273","346"
"Gen X","102024","270","347"
"Gen X","101678","267","348"
"Gen X","101445","267","349"
"Gen X","101399","267","350"
"Gen X","101529","267","351"
"Gen X","101242","266","352"
"Gen X","102010","266","353"
"Gen X","100198","265","354"
"Gen X","100824","265","355"
"Gen X","101276","262","356"
"Gen X","101809","261","357"
"Gen X","100666","260","358"
"Gen X","101106","258","359"
"Gen X","101789","256","360"
"Gen X","101472","255","361"
"Gen X","101297","254","362"
"Gen X","101217","254","363"
"Gen X","101989","254","364"
"Gen X","101426","252","365"
"Gen X","101035","251","366"
"Gen X","100356","247","367"
"Gen X","100733","245","368"
"Gen X","101410","244","369"
"Gen X","100834","243","370"
"Gen X","100869","243","371"
"Gen X","101917","240","372"
"Gen X","101694","239","373"
"Gen X","101831","239","374"
"Gen X","100131","236","375"
"Gen X","100191","235","376"
"Gen X","100006","235","377"
"Gen X","101033","234","378"
"Gen X","100151","233","379"
"Gen X","100227","231","380"
"Gen X","101912","229","381"
"Gen X","100761","229","382"
"Gen X","101366","227","383"
"Gen X","101830","226","384"
"Gen X","100491","225","385"
"Gen X","100820","224","386"
"Gen X","100209","224","387"
"Gen X","101983","224","388"
"Gen X","101786","217","389"
"Gen X","101409","216","390"
"Gen X","100608","215","391"
"Gen X","100597","215","392"
"Gen X","101109","213","393"
"Gen X","100470","213","394"
"Gen X","100678","212","395"
"Gen X","101056","211","396"
"Gen X","101112","210","397"
"Gen X","101687","209","398"
"Gen X","101638","206","399"
"Gen X","100859","205","400"
"Gen X","100277","204","401"
"Gen X","100565","203","402"
"Gen X","101248","202","403"
"Gen X","100983","201","404"
"Gen X","101761","200","405"
"Gen X","100558","200","406"
"Gen X","101061","199","407"
"Gen X","101584","199","408"
"Gen X","101645","199","409"
"Gen X","100529","198","410"
"Gen X","100865","194","411"
"Gen X","101012","192","412"
"Gen X","100806","191","413"
"Gen X","101337","191","414"
"Gen X","100340","189","415"
"Gen X","100654","187","416"
"Gen X","101307","187","417"
"Gen X","100308","185","418"
"Gen X","100477","185","419"
"Gen X","100784","184","420"
"Gen X","101239","183","421"
"Gen X","100765","183","422"
"Gen X","100264","182","423"
"Gen X","101819","182","424"
"Gen X","100870","181","425"
"Gen X","101899","180","426"
"Gen X","100742","180","427"
"Gen X","101695","179","428"
"Gen X","101629","178","429"
"Gen X","100026","173","430"
"Gen X","101453","173","431"
"Gen X","101258","173","432"
"Gen X","101036","172","433"
"Gen X","101252","171","434"
"Gen X","100868","171","435"
"Gen X","100212","171","436"
"Gen X","101385","169","437"
"Gen X","100248","168","438"
"Gen X","101874","167","439"
"Gen X","100830","167","440"
"Gen X","100268","167","441"
"Gen X","101369","167","442"
"Gen X","100258","167","443"
"Gen X","101086","166","444"
"Gen X","100443","164","445"
"Gen X","100625","163","446"
"Gen X","101269","163","447"
"Gen X","100124","162","448"
"Gen X","100515","162","449"
"Gen X","101048","162","450"
"Gen X","101293","160","451"
"Gen X","100363","159","452"
"Gen X","101757","159","453"
"Gen X","101514","159","454"
"Gen X","102012","158","455"
"Gen X","101316","158","456"
"Gen X","101925","158","457"
"Gen X","101157","157","458"
"Gen X","100398","155","459"
"Gen X","101951","154","460"
"Gen X","100970","154","461"
"Gen X","101373","153","462"
"Gen X","101646","153","463"
"Gen X","100178","152","464"
"Gen X","101185","152","465"
"Gen X","101197","151","466"
"Gen X","100871","151","467"
"Gen X","101073","146","468"
"Gen X","101300","143","469"
"Gen X","100512","141","470"
"Gen X","101962","141","471"
"Gen X","100382","140","472"
"Gen X","100469","138","473"
"Gen X","101626","138","474"
"Gen X","100911","135","475"
"Gen X","100088","135","476"
"Gen X","101194","133","477"
"Gen X","100222","131","478"
"Gen X","100085","130","479"
"Gen X","100578","130","480"
"Gen X","100548","129","481"
"Gen X","101351","129","482"
"Gen X","101730","128","483"
"Gen X","100975","127","484"
"Gen X","101210","125","485"
"Gen X","100627","125","486"
"Gen X","101634","123","487"
"Gen X","101398","123","488"
"Gen X","100045","123","489"
"Gen X","100837","121","490"
"Gen X","101914","121","491"
"Gen X","100561","117","492"
"Gen X","100920","115","493"
"Gen X","101582","112","494"
"Gen X","100681","112","495"
"Gen X","100647","111","496"
"Gen X","101172","110","497"
"Gen X","100032","110","498"
"Gen X","101047","105","499"
"Gen X","101801","102","500"
"Gen X","100593","101","501"
"Gen X","101324","100","502"
"Gen X","100638","100","503"
"Gen X","101500","100","504"
"Gen X","100427","99","505"
"Gen X","101505","98","506"
"Gen X","100555","98","507"
"Gen X","101262","97","508"
"Gen X","101685","97","509"
"Gen X","100196","96","510"
"Gen X","100387","96","511"
"Gen X","101642","93","512"
"Gen X","101370","91","513"
"Gen X","100811","91","514"
"Gen X","101971","89","515"
"Gen X","100833","88","516"
"Gen X","101329","88","517"
"Gen X","101152","87","518"
"Gen X","101592","87","519"
"Gen X","101284","86","520"
"Gen X","100599","85","521"
"Gen X","100171","85","522"
"Gen X","101824","85","523"
"Gen X","101483","85","524"
"Gen X","101270","82","525"
"Gen X","100969","81","526"
"Gen X","101660","81","527"
"Gen X","101624","80","528"
"Gen X","101002","80","529"
"Gen X","100588","80","530"
"Gen X","100927","80","531"
"Gen X","100916","79","532"
"Gen X","101290","79","533"
"Gen X","100521","78","534"
"Gen X","100263","77","535"
"Gen X","100107","76","536"
"Gen X","100434","76","537"
"Gen X","101072","74","538"
"Gen X","100147","73","539"
"Gen X","100891","73","540"
"Gen X","101388","73","541"
"Gen X","101266","73","542"
"Gen X","101383","72","543"
"Gen X","101902","71","544"
"Gen X","101639","71","545"
"Gen X","101953","70","546"
"Gen X","100748","70","547"
"Gen X","101054","70","548"
"Gen X","100922","69","549"
"Gen X","101046","68","550"
"Gen X","100994","68","551"
"Gen X","101783","68","552"
"Gen X","100393","67","553"
"Gen X","101145","63","554"
"Gen X","100880","63","555"
"Gen X","100971","63","556"
"Gen X","100526","63","557"
"Gen X","101977","62","558"
"Gen X","100981","61","559"
"Gen X","100935","59","560"
"Gen X","100173","59","561"
"Gen X","101812","58","562"
"Gen X","101141","57","563"
"Gen X","100367","57","564"
"Gen X","101686","56","565"
"Gen X","101674","56","566"
"Gen X","101365","56","567"
"Gen X","102005","56","568"
"Gen X","100563","56","569"
"Gen X","100038","55","570"
"Gen X","100205","54","571"
"Gen X","100557","51","572"
"Gen X","100096","51","573"
"Gen X","101542","51","574"
"Gen X","101553","50","575"
"Gen X","101158","48","576"
"Gen X","101478","48","577"
"Gen X","100116","47","578"
"Gen X","101182","46","579"
"Gen X","101769","46","580"
"Gen X","101875","45","581"
"Gen X","100995","45","582"
"Gen X","100978","45","583"
"Gen X","100310","44","584"
"Gen X","101587","44","585"
"Gen X","100740","43","586"
"Gen X","100931","43","587"
"Gen X","101558","43","588"
"Gen X","101956","43","589"
"Gen X","100148","42","590"
"Gen X","100915","42","591"
"Gen X","100157","42","592"
"Gen X","101078","41","593"
"Gen X","100611","41","594"
"Gen X","101635","40","595"
"Gen X","101423","40","596"
"Gen X","100730","40","597"
"Gen X","100735","39","598"
"Gen X","100285","39","599"
"Gen X","102008","39","600"
"Gen X","101237","39","601"
"Gen X","100745","39","602"
"Gen X","100261","38","603"
"Gen X","100366","38","604"
"Gen X","101405","38","605"
"Gen X","100979","38","606"
"Gen X","100296","37","607"
"Gen X","101873","37","608"
"Gen X","101938","37","609"
"Gen X","101368","37","610"
"Gen X","101707","36","611"
"Gen X","100184","35","612"
"Gen X","100858","35","613"
"Gen X","101931","35","614"
"Gen X","101837","35","615"
"Gen X","100120","34","616"
"Gen X","100825","34","617"
"Gen X","100778","34","618"
"Gen X","101427","34","619"
"Gen X","101476","33","620"
"Gen X","101347","33","621"
"Gen X","100556","32","622"
"Gen X","102030","32","623"
"Gen X","100569","31","624"
"Gen X","101720","31","625"
"Gen X","101229","30","626"
"Gen X","101003","30","627"
"Gen X","100972","30","628"
"Gen X","100545","30","629"
"Gen X","101343","30","630"
"Gen X","100918","30","631"
"Gen X","100339","30","632"
"Gen X","101536","30","633"
"Gen X","101813","29","634"
"Gen X","101384","29","635"
"Gen X","100482","29","636"
"Gen X","101921","29","637"
"Gen X","101087","29","638"
"Gen X","101654","29","639"
"Gen X","100176","29","640"
"Gen X","101890","29","641"
"Gen X","101094","29","642"
"Gen X","100875","29","643"
"Gen X","101115","28","644"
"Gen X","101714","28","645"
"Gen X","101885","28","646"
"Gen X","101174","27","647"
"Gen X","100093","27","648"
"Gen X","100598","27","649"
"Gen X","100827","27","650"
"Gen X","101136","27","651"
"Gen X","100505","27","652"
"Gen X","100850","27","653"
"Gen X","100646","26","654"
"Gen X","100468","26","655"
"Gen X","100278","26","656"
"Gen X","100899","26","657"
"Gen X","101314","25","658"
"Gen X","101323","25","659"
"Gen X","100305","25","660"
"Gen X","100071","25","661"
"Gen X","100804","25","662"
"Gen X","100082","25","663"
"Gen X","101960","25","664"
"Gen X","101205","25","665"
"Gen X","101318","25","666"
"Gen X","100423","25","667"
"Gen X","101562","24","668"
"Gen X","100822","24","669"
"Gen X","101520","24","670"
"Gen X","100251","24","671"
"Gen X","101623","24","672"
"Gen X","100771","24","673"
"Gen X","101133","24","674"
"Gen X","101074","23","675"
"Gen X","100682","23","676"
"Gen X","101760","23","677"
"Gen X","102001","23","678"
"Gen X","101955","23","679"
"Gen X","100327","23","680"
"Gen X","100396","23","681"
"Gen X","100460","22","682"
"Gen X","100201","22","683"
"Gen X","101990","22","684"
"Gen X","100348","22","685"
"Gen X","100945","22","686"
"Gen X","101610","22","687"
"Gen X","101225","22","688"
"Gen X","101781","22","689"
"Gen X","101851","22","690"
"Gen X","101637","21","691"
"Gen X","100320","21","692"
"Gen X","100163","20","693"
"Gen X","100919","20","694"
"Gen X","101339","20","695"
"Gen X","100463","20","696"
"Gen X","100917","20","697"
"Gen X","101233","20","698"
"Gen X","101340","20","699"
"Gen X","101799","20","700"
"Gen X","100984","19","701"
"Gen X","100467","19","702"
"Gen X","101544","19","703"
"Gen X","100410","19","704"
"Gen X","100581","19","705"
"Gen X","100610","19","706"
"Gen X","100355","19","707"
"Gen X","101114","19","708"
"Gen X","100397","19","709"
"Gen X","100977","18","710"
"Gen X","100164","18","711"
"Gen X","101176","18","712"
"Gen X","101487","18","713"
"Gen X","101787","18","714"
"Gen X","101312","18","715"
"Gen X","100122","17","716"
"Gen X","100534","17","717"
"Gen X","100138","17","718"
"Gen X","100603","17","719"
"Gen X","101772","17","720"
"Gen X","101835","16","721"
"Gen X","101810","16","722"
"Gen X","100246","16","723"
"Gen X","101223","16","724"
"Gen X","101895","16","725"
"Gen X","101352","16","726"
"Gen X","101681","16","727"
"Gen X","100580","16","728"
"Gen X","100316","16","729"
"Gen X","100137","15","730"
"Gen X","100888","15","731"
"Gen X","101198","15","732"
"Gen X","100341","15","733"
"Gen X","100092","15","734"
"Gen X","101759","15","735"
"Gen X","101729","15","736"
"Gen X","101019","15","737"
"Gen X","100279","15","738"
"Gen X","101371","15","739"
"Gen X","101862","15","740"
"Gen X","101677","15","741"
"Gen X","100238","14","742"
"Gen X","101320","14","743"
"Gen X","100440","14","744"
"Gen X","101357","14","745"
"Gen X","100008","14","746"
"Gen X","100926","14","747"
"Gen X","101900","14","748"
"Gen X","100553","14","749"
"Gen X","100436","14","750"
"Gen X","100533","14","751"
"Gen X","100932","14","752"
"Gen X","100644","14","753"
"Gen X","100976","13","754"
"Gen X","101718","13","755"
"Gen X","101856","13","756"
"Gen X","100716","13","757"
"Gen X","100829","13","758"
"Gen X","100047","13","759"
"Gen X","100783","12","760"
"Gen X","100577","12","761"
"Gen X","100052","12","762"
"Gen X","101455","12","763"
"Gen X","100848","12","764"
"Gen X","102021","12","765"
"Gen X","101064","12","766"
"Gen X","101628","12","767"
"Gen X","101188","12","768"
"Gen X","100117","12","769"
"Gen X","101848","12","770"
"Gen X","100554","12","771"
"Gen X","101253","12","772"
"Gen X","100213","12","773"
"Gen X","100914","11","774"
"Gen X","100372","11","775"
"Gen X","101969","11","776"
"Gen X","101057","11","777"
"Gen X","101322","11","778"
"Gen X","101572","11","779"
"Gen X","100474","11","780"
"Gen X","101513","11","781"
"Gen X","101451","11","782"
"Gen X","100607","10","783"
"Gen X","101836","10","784"
"Gen X","100605","10","785"
"Gen X","100800","10","786"
"Gen X","100192","10","787"
"Gen X","101317","10","788"
"Gen X","100066","10","789"
"Gen X","101345","10","790"
"Gen X","100265","10","791"
"Gen X","100331","10","792"
"Gen X","101966","9","793"
"Gen X","100566","9","794"
"Gen X","100259","9","795"
"Gen X","101521","9","796"
"Gen X","101911","9","797"
"Gen X","100288","9","798"
"Gen X","100851","9","799"
"Gen X","100342","9","800"
"Gen X","101032","9","801"
"Gen X","100692","9","802"
"Gen X","102035","9","803"
"Gen X","100562","9","804"
"Gen X","101350","9","805"
"Gen X","101748","9","806"
"Gen X","101601","9","807"
"Gen X","101904","8","808"
"Gen X","100591","8","809"
"Gen X","101774","8","810"
"Gen X","101794","8","811"
"Gen X","101692","8","812"
"Gen X","101382","8","813"
"Gen X","101007","8","814"
"Gen X","101522","8","815"
"Gen X","100287","8","816"
"Gen X","101287","8","817"
"Gen X","101850","8","818"
"Gen X","101319","8","819"
"Gen X","101083","8","820"
"Gen X","100791","8","821"
"Gen X","100156","8","822"
"Gen X","101833","7","823"
"Gen X","100364","7","824"
"Gen X","101034","7","825"
"Gen X","100793","7","826"
"Gen X","101259","7","827"
"Gen X","100451","7","828"
"Gen X","100788","7","829"
"Gen X","100169","7","830"
"Gen X","101341","7","831"
"Gen X","100699","7","832"
"Gen X","100543","7","833"
"Gen X","100753","6","834"
"Gen X","101265","6","835"
"Gen X","100579","6","836"
"Gen X","100687","6","837"
"Gen X","101082","6","838"
"Gen X","100912","6","839"
"Gen X","100037","6","840"
"Gen X","101236","6","841"
"Gen X","100756","6","842"
"Gen X","100025","6","843"
"Gen X","101212","6","844"
"Gen X","100011","6","845"
"Gen X","100849","6","846"
"Gen X","101579","6","847"
"Gen X","100235","5","848"
"Gen X","101189","5","849"
"Gen X","101937","5","850"
"Gen X","101591","5","851"
"Gen X","100600","5","852"
"Gen X","100232","5","853"
"Gen X","101298","5","854"
"Gen X","100874","5","855"
"Gen X","101334","5","856"
"Gen X","101101","5","857"
"Gen X","101498","5","858"
"Gen X","101121","5","859"
"Gen X","100991","5","860"
"Gen X","101599","5","861"
"Gen X","101516","5","862"
"Gen X","101939","4","863"
"Gen X","101131","4","864"
"Gen X","101041","4","865"
"Gen X","100454","4","866"
"Gen X","101834","4","867"
"Gen X","101230","4","868"
"Gen X","100838","4","869"
"Gen X","101009","4","870"
"Gen X","101506","4","871"
"Gen X","101945","4","872"
"Gen X","100721","4","873"
"Gen X","100982","4","874"
"Gen X","100841","4","875"
"Gen X","100582","4","876"
"Gen X","101999","4","877"
"Gen X","100376","4","878"
"Gen X","100081","4","879"
"Gen X","101214","3","880"
"Gen X","100229","3","881"
"Gen X","101344","3","882"
"Gen X","102031","3","883"
"Gen X","100371","3","884"
"Gen X","101457","3","885"
"Gen X","100044","3","886"
"Gen X","101622","3","887"
"Gen X","100315","3","888"
"Gen X","101424","3","889"
"Gen X","100953","3","890"
"Gen X","100304","3","891"
"Gen X","100368","3","892"
"Gen X","100075","2","893"
"Gen X","101428","2","894"
"Gen X","101163","2","895"
"Gen X","101069","2","896"
"Gen X","100754","2","897"
"Gen X","101993","2","898"
"Gen X","101420","2","899"
"Gen X","101348","2","900"
"Gen X","100595","2","901"
"Gen X","101765","2","902"
"Gen X","102025","2","903"
"Gen X","100145","2","904"
"Gen X","100719","2","905"
"Gen X","101701","2","906"
"Gen X","101376","2","907"
"Gen X","101924","2","908"
"Gen X","101778","2","909"
"Gen X","101954","2","910"
"Gen X","100359","2","911"
"Gen X","100406","2","912"
"Gen X","100944","2","913"
"Gen X","101594","2","914"
"Gen X","100065","1","915"
"Gen X","100078","1","916"
"Gen X","101534","1","917"
"Gen X","100652","1","918"
"Gen X","100188","1","919"
"Gen X","101091","1","920"
"Gen X","100337","1","921"
"Gen X","100525","1","922"
"Gen X","100104","1","923"
"Gen X","100635","1","924"
"Gen X","101186","1","925"
"Gen X","100118","1","926"
"Gen X","100256","1","927"
"Gen X","100021","1","928"
"Gen X","100755","1","929"
"Gen X","101554","1","930"
"Gen X","100300","1","931"
"Gen X","101913","0","932"
"Gen X","101711","0","933"
"Gen X","100432","0","934"
"Gen X","101641","0","935"
"Gen X","100135","0","936"
"Millennial","100528","1478","1"
"Millennial","100110","1332","2"
"Millennial","101943","1311","3"
"Millennial","100839","1308","4"
"Millennial","100961","1285","5"
"Millennial","101401","1259","6"
"Millennial","101728","1218","7"
"Millennial","101550","1184","8"
"Millennial","100680","1184","9"
"Millennial","100909","1166","10"
"Millennial","101126","1156","11"
"Millennial","101201","1142","12"
"Millennial","101244","1074","13"
"Millennial","101085","1067","14"
"Millennial","101585","1060","15"
"Millennial","101779","1050","16"
"Millennial","100489","1047","17"
"Millennial","101540","1003","18"
"Millennial","101031","1001","19"
"Millennial","100506","982","20"
"Millennial","101200","982","21"
"Millennial","101595","979","22"
"Millennial","100407","966","23"
"Millennial","100139","962","24"
"Millennial","101738","957","25"
"Millennial","100386","919","26"
"Millennial","101425","910","27"
"Millennial","102037","908","28"
"Millennial","100893","871","29"
"Millennial","100244","864","30"
"Millennial","101119","863","31"
"Millennial","100306","861","32"
"Millennial","101869","848","33"
"Millennial","101499","836","34"
"Millennial","101285","823","35"
"Millennial","100408","822","36"
"Millennial","101218","817","37"
"Millennial","100890","812","38"
"Millennial","100416","800","39"
"Millennial","101432","784","40"
"Millennial","100881","770","41"
"Millennial","100665","760","42"
"Millennial","101408","758","43"
"Millennial","101480","754","44"
"Millennial","100459","746","45"
"Millennial","101929","728","46"
"Millennial","100123","722","47"
"Millennial","101704","712","48"
"Millennial","100060","712","49"
"Millennial","101063","709","50"
"Millennial","101596","704","51"
"Millennial","101349","693","52"
"Millennial","101979","675","53"
"Millennial","102000","671","54"
"Millennial","100344","656","55"
"Millennial","100734","647","56"
"Millennial","101898","627","57"
"Millennial","101567","621","58"
"Millennial","100816","605","59"
"Millennial","100828","600","60"
"Millennial","100739","595","61"
"Millennial","102020","594","62"
"Millennial","101363","587","63"
"Millennial","100878","571","64"
"Millennial","100239","559","65"
"Millennial","100542","557","66"
"Millennial","100415","551","67"
"Millennial","101700","536","68"
"Millennial","101573","532","69"
"Millennial","101022","530","70"
"Millennial","102018","519","71"
"Millennial","100492","493","72"
"Millennial","100112","490","73"
"Millennial","101528","479","74"
"Millennial","101915","471","75"
"Millennial","100189","466","76"
"Millennial","100333","456","77"
"Millennial","100125","450","78"
"Millennial","101796","448","79"
"Millennial","101666","438","80"
"Millennial","100934","434","81"
"Millennial","101419","423","82"
"Millennial","101282","420","83"
"Millennial","100703","412","84"
"Millennial","100786","410","85"
"Millennial","101669","402","86"
"Millennial","100447","398","87"
"Millennial","100292","395","88"
"Millennial","100954","393","89"
"Millennial","100383","375","90"
"Millennial","100826","374","91"
"Millennial","101271","358","92"
"Millennial","100801","351","93"
"Millennial","100962","349","94"
"Millennial","101011","347","95"
"Millennial","101495","342","96"
"Millennial","101525","340","97"
"Millennial","101015","336","98"
"Millennial","100887","315","99"
"Millennial","101679","298","100"
"Millennial","100720","283","101"
"Millennial","101124","277","102"
"Millennial","100167","277","103"
"Millennial","101612","275","104"
"Millennial","101782","274","105"
"Millennial","101747","272","106"
"Millennial","100906","267","107"
"Millennial","100910","261","108"
"Millennial","100860","255","109"
"Millennial","100527","252","110"
"Millennial","101111","241","111"
"Millennial","100211","239","112"
"Millennial","101501","238","113"
"Millennial","100420","235","114"
"Millennial","101524","230","115"
"Millennial","101845","228","116"
"Millennial","100955","218","117"
"Millennial","101870","202","118"
"Millennial","101548","202","119"
"Millennial","101908","196","120"
"Millennial","100274","196","121"
"Millennial","101733","185","122"
"Millennial","100507","179","123"
"Millennial","101737","175","124"
"Millennial","101709","174","125"
"Millennial","100004","173","126"
"Millennial","101598","172","127"
"Millennial","102023","171","128"
"Millennial","100083","163","129"
"Millennial","101978","162","130"
"Millennial","101050","160","131"
"Millennial","101503","158","132"
"Millennial","100303","154","133"
"Millennial","101785","145","134"
"Millennial","101485","141","135"
"Millennial","101274","139","136"
"Millennial","100098","135","137"
"Millennial","100495","127","138"
"Millennial","101018","124","139"
"Millennial","101055","120","140"
"Millennial","100445","116","141"
"Millennial","101389","112","142"
"Millennial","101864","110","143"
"Millennial","101438","104","144"
"Millennial","100876","102","145"
"Millennial","100689","99","146"
"Millennial","101843","94","147"
"Millennial","100311","91","148"
"Millennial","100589","88","149"
"Millennial","101068","88","150"
"Millennial","101690","86","151"
"Millennial","100020","86","152"
"Millennial","100403","85","153"
"Millennial","101820","83","154"
"Millennial","100297","80","155"
"Millennial","100007","76","156"
"Millennial","101005","75","157"
"Millennial","100999","73","158"
"Millennial","101640","71","159"
"Millennial","101580","70","160"
"Millennial","100273","68","161"
"Millennial","100323","68","162"
"Millennial","101263","67","163"
"Millennial","101272","66","164"
"Millennial","100291","65","165"
"Millennial","100080","64","166"
"Millennial","100655","56","167"
"Millennial","100664","55","168"
"Millennial","100161","53","169"
"Millennial","101336","52","170"
"Millennial","101165","51","171"
"Millennial","100842","48","172"
"Millennial","100181","47","173"
"Millennial","101095","46","174"
"Millennial","101462","46","175"
"Millennial","101648","46","176"
"Millennial","100568","46","177"
"Millennial","100832","46","178"
"Millennial","101751","45","179"
"Millennial","101125","44","180"
"Millennial","100325","40","181"
"Millennial","101821","38","182"
"Millennial","100334","37","183"
"Millennial","101682","37","184"
"Millennial","100028","36","185"
"Millennial","101250","35","186"
"Millennial","101470","35","187"
"Millennial","100493","34","188"
"Millennial","100659","34","189"
"Millennial","101443","33","190"
"Millennial","100509","32","191"
"Millennial","100143","32","192"
"Millennial","101277","32","193"
"Millennial","100583","31","194"
"Millennial","100896","31","195"
"Millennial","101377","30","196"
"Millennial","100217","30","197"
"Millennial","100846","29","198"
"Millennial","101815","28","199"
"Millennial","101967","26","200"
"Millennial","101739","25","201"
"Millennial","100559","25","202"
"Millennial","102032","24","203"
"Millennial","101173","23","204"
"Millennial","101758","23","205"
"Millennial","101889","23","206"
"Millennial","100190","23","207"
"Millennial","101090","23","208"
"Millennial","101808","23","209"
"Millennial","101980","23","210"
"Millennial","100852","22","211"
"Millennial","101403","22","212"
"Millennial","100321","22","213"
"Millennial","101545","21","214"
"Millennial","101254","20","215"
"Millennial","100284","20","216"
"Millennial","100574","19","217"
"Millennial","101894","19","218"
"Millennial","101065","19","219"
"Millennial","100524","19","220"
"Millennial","101175","18","221"
"Millennial","100233","18","222"
"Millennial","101668","17","223"
"Millennial","100631","16","224"
"Millennial","101067","16","225"
"Millennial","100488","16","226"
"Millennial","101512","16","227"
"Millennial","100936","16","228"
"Millennial","100267","16","229"
"Millennial","101746","15","230"
"Millennial","101001","14","231"
"Millennial","101852","14","232"
"Millennial","100298","14","233"
"Millennial","100057","13","234"
"Millennial","101922","13","235"
"Millennial","100041","13","236"
"Millennial","100170","12","237"
"Millennial","100375","12","238"
"Millennial","100179","12","239"
"Millennial","101010","12","240"
"Millennial","101570","12","241"
"Millennial","101169","11","242"
"Millennial","100328","11","243"
"Millennial","100519","11","244"
"Millennial","100502","11","245"
"Millennial","100732","11","246"
"Millennial","100058","11","247"
"Millennial","100003","11","248"
"Millennial","101868","11","249"
"Millennial","100369","10","250"
"Millennial","101098","10","251"
"Millennial","100183","10","252"
"Millennial","100362","10","253"
"Millennial","101448","10","254"
"Millennial","101261","10","255"
"Millennial","101187","10","256"
"Millennial","101568","9","257"
"Millennial","100121","9","258"
"Millennial","101439","9","259"
"Millennial","100324","9","260"
"Millennial","100530","8","261"
"Millennial","101043","8","262"
"Millennial","100510","8","263"
"Millennial","101552","8","264"
"Millennial","101771","8","265"
"Millennial","100030","8","266"
"Millennial","100203","7","267"
"Millennial","100908","7","268"
"Millennial","101468","7","269"
"Millennial","100866","7","270"
"Millennial","100836","6","271"
"Millennial","101560","6","272"
"Millennial","101577","6","273"
"Millennial","101051","6","274"
"Millennial","100697","6","275"
"Millennial","100290","6","276"
"Millennial","100146","6","277"
"Millennial","101732","6","278"
"Millennial","100202","6","279"
"Millennial","100536","6","280"
"Millennial","101872","6","281"
"Millennial","101502","6","282"
"Millennial","101292","6","283"
"Millennial","101631","5","284"
"Millennial","100027","5","285"
"Millennial","101460","5","286"
"Millennial","100429","5","287"
"Millennial","102034","5","288"
"Millennial","100812","5","289"
"Millennial","100152","5","290"
"Millennial","100010","5","291"
"Millennial","101859","5","292"
"Millennial","102009","5","293"
"Millennial","100388","5","294"
"Millennial","101353","5","295"
"Millennial","101305","5","296"
"Millennial","100094","5","297"
"Millennial","101437","5","298"
"Millennial","101132","5","299"
"Millennial","101038","5","300"
"Millennial","100673","4","301"
"Millennial","100226","4","302"
"Millennial","100276","4","303"
"Millennial","100461","4","304"
"Millennial","101238","4","305"
"Millennial","100963","4","306"
"Millennial","100985","4","307"
"Millennial","100019","4","308"
"Millennial","100400","4","309"
"Millennial","100757","4","310"
"Millennial","101715","3","311"
"Millennial","100373","3","312"
"Millennial","101847","3","313"
"Millennial","100247","3","314"
"Millennial","100799","3","315"
"Millennial","101531","3","316"
"Millennial","100014","3","317"
"Millennial","100782","3","318"
"Millennial","101814","3","319"
"Millennial","100389","2","320"
"Millennial","100417","2","321"
"Millennial","101278","2","322"
"Millennial","101482","2","323"
"Millennial","100813","2","324"
"Millennial","101699","2","325"
"Millennial","101391","2","326"
"Millennial","100411","2","327"
"Millennial","101589","2","328"
"Millennial","101697","2","329"
"Millennial","101150","1","330"
"Millennial","101162","1","331"
"Millennial","101976","1","332"
"Millennial","100428","1","333"
"Millennial","101283","1","334"
"Millennial","101569","1","335"
"Millennial","101079","1","336"
"Millennial","100898","1","337"
"Millennial","100685","1","338"
"Millennial","101181","1","339"
"Millennial","100645","1","340"
"Millennial","101723","1","341"
"Millennial","101934","0","342"
"Millennial","100711","0","343"
"Millennial","100831","0","344"
"Millennial","100861","0","345"
"Silent Generation","100413","1285","1"
"Silent Generation","101763","1193","2"
"Silent Generation","100504","1035","3"
"Silent Generation","101208","760","4"
"Silent Generation","101099","735","5"
"Silent Generation","100351","629","6"
"Silent Generation","100775","606","7"
"Silent Generation","101907","532","8"
"Silent Generation","101335","507","9"
"Silent Generation","100480","504","10"
"Silent Generation","100405","483","11"
"Silent Generation","100039","437","12"
"Silent Generation","100485","388","13"
"Silent Generation","100594","162","14"
"Silent Generation","101788","144","15"
